content,source_url,visit_date
"Der integrierte Klappständer ist jetzt vielfach verstellbar, sodass Sie überall bequem arbeiten können – ob im Flugzeug, am Schreibtisch oder vor dem Fernseher. ",http://www.microsoft.com/surface/de-DE/products/surface-pro-3?ocid=SURFACE-PRO-3_0_WOL_Hero_Home_Info_Null_01,2014-12-12
"Sie werden ihn schnell lieb gewinnen: Er ist fleißig, gründlich, leise, ordentlich, eckt nirgendwo an und sieht auch noch gut aus.",http://www.honda.de/garten/gartengeraete_roboter_rasenmaeher_auswahl.php,2014-12-28
"Wer seinen Job perfekt erledigen will, braucht die beste Ausrüstung und einen hart arbeitenden Partner.",http://www.yamaha-motor.eu/de/products/side-by-side/arbeit/viking.aspx,2014-12-15
"Ist das vielleicht der Grund dafür, dass ihm Gelb so gut steht?",http://www.fiat.de/de/pandacross/design-komfort,2014-12-20
Zwei Cupholder in der Mittelkonsole unterstreichen die Liebe zum Detail (optional als temperierte Cupholder mit Kühl- und Heizfunktion erhältlich).,http://www.mercedes-benz.de/content/germany/mpc/mpc_germany_website/de/home_mpc/passengercars/home/new_cars/models/m-class/w166/facts_/design.html,2014-12-05
"Diese funkelnden Designs sind ein echter Hingucker und bringen jede Stadt zum Leuchten mit einem Hauch von Brillanz, passend für eine Königin.",http://www.swatch.com/de_de/collections/let-it-shine,2014-12-22
Die cool-gemütlichen Muster lassen Köpfe drehen und läuten stolz den Beginn der kalten Jahreszeit ein.,http://www.swatch.com/de_de/collections/highlands-mix,2014-12-13
"Der GARD Volumen Schaumfestiger Extra Stark beweist, dass phänomenaler Halt auch ohne Alkohol kein Problem ist.",http://www.gard.de/festiger/articles/volumen-schaumfestiger-ohne-alkohol-extra-stark,2014-12-02
"Gesundes Haar benötigt vor allem das Silizium im Bambusextrakt, da es als körpereigener Stoff das Haar widerstandsfähiger und die Haaroberfläche brillanter macht. ",http://www.gard.de/professional-line/articles/ein-gutes-haarspray-gard-professional-natuerlicher-halt-haarspray,2014-12-09
Die Super Hold–Formel garantiert zementierte Spikes den ganzen Tag bis tief in die Nacht.,http://www.gard.de/gele/articles/massive-spikes-gel-igel-look,2014-12-24
"Man(n) gerät immer wieder in Situationen, wo es auf zuverlässigen Halt ankommt.",http://www.gard.de/gele/articles/haargel-fuer-maenner-gard-men-styling-gel,2014-12-22
Bei jeder Anwendung werden die Aktiv Perlen frisch aktiviert und verschmelzen zu einem seidigen Serum mit purer Anti-Falten Wirkung.,http://www.nivea.de/Produkte/gesichtspflege/q10plus/Q10PLUS-Anti-Falten-Serum-Aktiv-Perlen,2014-12-18
"Der Herbst kann auch mal kalt, dunkel und ungemütlich werden.",http://www.nivea.de/ext11/de-DE/nivea-erleben/themenwelt,2014-12-02
"Die tiefstehende Sonne sorgt mit ihren wärmenden Strahlen für wunderschöne Lichtspiele zwischen den Bäumen, die Luft ist klar, es duftet nach Moos und Pilzen – herrlich!",http://www.nivea.de/ext11/de-DE/nivea-erleben/themenwelt,2014-12-30
"Sie entfalten ihre ganze Pracht und einmalige Ausstrahlung nur dann, wenn sie sich wohlfühlen",http://www.nivea.de/ext11/de-DE/nivea-erleben/themenwelt,2014-12-28
"Am Wichtigsten ist es, eine gewisse Routine zu entwickeln und beizubehalten.",http://www.ariel.de/Waesche/Waschtipps_fur_Teenager,2014-12-21
"Fühlen Sie sich morgens nach dem Aufstehen so fit, dass Sie die Welt umarmen und Bäume ausreißen könnten – voller Kraft und Ideen, fröhlich und gut gelaunt?",http://www.klosterfrau-marke.de/gesundheitswelten/schlaf/kraft-schoepfen-fuer-den-tag.html,2014-12-23
Vom Lichtschalter bis zum Teppichboden ist alles erhalten.,http://fcb-erlebniswelt.de/de/ausstellung/praesidiumszimmer/,2014-12-06
Gemeinsame Begeisterung und gemeinsames Leiden sind wichtige und wertvolle Bestandteile unserer Identität.,http://www.schalke04.de/de/verein/aufbau/leitbild/page/245--245--.html,2014-12-24
"Arbeitssicherheit bedeutet, dass sich unsere Mitarbeiter an die Regeln halten und sicher arbeiten.",http://www.shell.de/environment-society/safety.html,2014-12-18
Beim Schutz unserer Mitarbeiter und Anlagen berücksichtigen wir die Menschenrechte der im Umkreis unserer Standorte wohnenden Menschen.,http://www.shell.de/environment-society/safety.html,2014-12-28
Die Ja!-Sager Kampagne steht unter dem Leitmotiv der Entschlossenheit.,http://www.bp.com/de_de/germany/karriere-center/ja--sager-zu-bp.html,2014-12-28
"Das Konzept von Soll und Haben bildet den Markt der Finanzdienstleistungen umfassend, d.h. in seiner gesamten Tiefe und Breite, ab.",http://www.spiegel-qc.de/media-service/forschung/spiegel-studien,2014-12-02
Ihr Arbeitsleben bei uns hat viele Facetten und passt sich Ihnen an.,http://www.telekom.com/studenten,2014-12-26
Alleine die Autofahrer auf Parkplatzsuche verursachen rund 30 Prozent des innerstädtischen Verkehrsaufkommens - Tendenz stark steigend je näher Weihnachten rückt.,http://www.telekom.com/innovation/archiv/260130,2014-12-03
Machen Sie aus viel einfach noch mehr.,http://www.entertain.de/startseite/inhalte/programm_und_sendervielfalt.html#esr=&stagetab=1,2014-12-04
Es ist einfach in allem besser.,http://www.apple.com/de/iphone-6/,2014-12-27
"Wie bei allem, was man trägt, ist das Aussehen mindestens ebenso wichtig wie die Funktion.",http://www.apple.com/de/watch/design/,2014-12-23
Die besonders attraktiven Vorteile sind genau das Richtige für Dich?,http://www.o2online.de/junge-leute/tarife/uebersicht/,2014-12-12
Und alles ist nur einen Fingertipp entfernt.,http://www.apple.com/de/itunes/,2014-12-14
"Damit alles reibungslos klappt, vereinen unsere innovativen Tarife mehrere Technologien zu einer smarten und einfachen Lösung für Sie. ",https://zuhauseplus.vodafone.de/dsl/unser-versprechen.html,2014-12-27
"Schau dir diese Szenen an:
Menschen in Baumkronen, strahlende Gesichter, verschwitzte Shirts,
witzige Interviews und ein Making-of.",https://youcando.o2online.de/moneytree,2014-12-11
"Wissenschaftlichen Bewertungen kommen zu dem Schluss, dass die geltenden Grenzwerte den Schutz und die Sicherheit der Bevölkerung gewährleisten.",http://www.vodafone.de/unternehmen/soziale-verantwortung/gesundheit-mobilfunk.html,2014-12-24
"Wir halten unsere Versprechen gegenüber Kunden, Partnern und untereinander.",https://www.telefonica.de/unternehmen/sponsoring.html,2014-12-02
"Ein Schulfreund in Wien, eine Tante in London, eine Urlaubsbekanntschaft in Sydney und die große Liebe in Barcelona?",http://www.o2online.de/tarife/landingpages/global-friends/details/,2014-12-18
"Schön, dass wir uns auf die Sonne verlassen können, die täglich aufgeht.",http://www.hohesc.de/Klassiker/Orange,2014-12-25
Der Ideenvielfalt sind bei unseren Muttersäften keine Grenzen gesetzt.,http://www.brauweiler-fruchtsaefte.de/saftshop/index.php?cPath=2&MODsid=9f84dceace86b6f442b8e339f1b726dd,2014-12-03
Manche mögen es gesund und mild.,http://www.hohesc.de/Milde/Milder-Multivitamin,2014-12-20
Bei uns im Chiemgau ist die Natur noch rein und unverfälscht.,http://www.adelholzener.de/,2014-12-25
Genießen Sie ein echtes Stück Bayern.,http://www.adelholzener.de/,2014-12-11
Zahlreiche Varianten sorgen dabei für reichlich Abwechslung.,http://www.adelholzener.de/schorlen-und-mehr/,2014-12-17
"Schön, wenn man beim Sport ein wenig Unterstützung bekommt, dann geht Vieles leichter!",http://www.hohesc.de/Naturelle-Sport,2014-12-04
"Die stylische Flasche, der praktische Sportverschluss und die zahlreichen Geschmacksrichtungen haben mittlerweile Fans in mehr als 20 Ländern auf der ganzen Welt.",http://www.adelholzener.de/active-o2/,2014-12-08
"Das aktuelle Ein-Bundfalten-Modell, die sympathischen Country-Merkmale und die elastische Baumwoll-Qualität ergeben diese vielseitige und attraktive Baumwoll-Hose.",https://www.kimmich-modeversand.de/Baumwoll_Hose_im_Country_Stil/artikel_20.ahtml?NKLN=41_B,2014-12-17
Immer trägt sich der Blouson dabei herrlich leicht und bequem.,https://www.kimmich-modeversand.de/Wildleder_Blouson_aus_Ziegenvelours_in_der_Farbe_cognac/artikel_748.ahtml?NKLN=15_B,2014-12-23
"Als Ganzes kommt so kurz und prägnant zum Ausdruck, was auch die Grundlage unserer „Corporate Responsibility“ Bestrebungen ist: Menschen und Natur um uns herum sind uns wichtig, deshalb übernehmen wir als Unternehmen Verantwortung.",http://www.mammutsportsgroup.ch/de/cr.html,2014-12-25
"Wir wollen unseren Kunden Produkte bieten, die höchsten Ansprüchen an Qualität, Innovation und Funktionalität genügen.",http://www.mammut.ch/de/products_apparel.html,2014-12-16
Durch die Verwendung von Leichtgewichtsmaterialien und die durchdachte Konstruktion konnte das Gewicht ohne Abstriche in der Funktionalität auf das Minimum getrimmt werden.,http://www.mammut.ch/de/productDetail/251002630_v_4325_15/Lithia-Z.html,2014-12-08
"Wir sind fest davon überzeugt, dass ein gesellschaftlich verantwortungsbewusstes Handeln nicht nur eine ethische Verpflichtung ist, sondern auch zu anhaltendem geschäftlichen Erfolg beitragen wird.",http://www.adidas-group.com/de/nachhaltigkeit/nachhaltigkeitsmanagement/allgemeiner-ansatz/,2014-12-11
Gut aussehen möchten Sie in Ihrer Kleidung sowieso.,http://www.schoeffel.de/shop/outdoor/,2014-12-22
Wir geben unser Bestes und beim nächsten Mal noch mehr.,http://www.adidas-group.com/de/marken/adidas/,2014-12-05
"Unsere gemeinsame Leidenschaft schweißt uns zusammen und wir sind ""all in"".",http://www.adidas-group.com/de/marken/adidas/,2014-12-29
Jammern hilft da nicht weiter!,http://www.schoeffel.de/inspiration/looks-und-kataloge,2014-12-29
Einsatz ist nicht an Ruhm geknüpft. ,http://www.adidas-group.com/de/marken/adidas/einsatz-ist-nicht-ruhm-geknupft/,2014-12-05
Denn auch im Leben kann es manchmal ganz schön chaotisch zugehen.,http://www.adidas-group.com/de/marken/adidas/wir-wollen-nicht-um-jeden-preis-gewinnen-das-ist-nicht-unser-met/,2014-12-21
Darüber hinaus wärmt die Naturfaser auch wenn Sie feucht ist.,http://www.schoeffel.de/inspiration/schoeffel-funktionswaesche/?wt_icmc=intc.de.inspiration.schoeffelunderwear,2014-12-12
Die neue Ultra Limited Low ist speziell für Menschen von kleinerer Statur designt.,http://www.harley-davidson.com/content/h-d/de_DE/home.html,2014-12-21
"Von Beginn an war sie wuchtig, relaxt und mit einer unverwechselbaren Silhouette gesegnet.",http://www.harley-davidson.com/de_DE/Motorcycles/fat-boy.html#!key-features,2014-12-18
Markante Designelemente in Schwarz hochglänzend verstärken den sportlichen Auftritt.,http://www.bmw.de/de/neufahrzeuge/3er/activehybrid-3/2011/lines-pakete.html,2014-12-09
"Die große, sportlich ausgeformte Doppelniere verleiht zusätzliche athletische Präsenz.",https://www.bmw.de/de/neufahrzeuge/x/x6/2014/design.html,2014-12-31
"Begeisterung für das gemeinsame Projekt macht aus einem Team eine feste Einheit, in der jede Meinung geschätzt wird. ",http://www.bmwgroup.com/com/de/karriere/index.html,2014-12-08
"Um langfristig erfolgreich zu sein, bedarf es einer lebenswerten Umwelt und einer intakten Gesellschaft.",http://www.bmwgroup.com/com/de/verantwortung/index.html,2014-12-21
Eine vertrauensbildende Maßnahme – nicht nur bei Einsteigern und bei Fahrern kleinerer Statur.,http://www.harley-davidson.com/content/h-d/de_DE/home/motorcycles/2015-motorcycles/sportster/iron-883.html#!key-features,2014-12-27
Mit einem durchdachten Konzept. Machen wir uns auf den Weg. Richtung Zukunft.,http://www.porsche.com/germany/models/918/918-spyder/,2014-12-26
"Dabei folgen wir einem Plan, einem Ideal, das uns alle eint.",http://www.porsche.com/germany/aboutporsche/principleporsche/,2014-12-13
"An einem perfekten Tag ist alles so, wie es sein soll.",https://www.bmw.de/de/topics/service-zubehoer/original-bmw-zubehoer/interieur.html,2014-12-13
Herkunft und Zukunft lassen sich nicht voneinander trennen.,http://www.porsche.com/germany/models/911/911-carrera-4/concept/identity-911/,2014-12-27
"Muss man sich nicht ab und an von der Tradition befreien, bevor sie eines Tages erstarrt und jede Neuerung unmöglich macht?",http://www.porsche.com/germany/models/911/911-carrera-4/concept/identity-911/,2014-12-02
"Seien wir ehrlich: Kinder träumen selten davon, einmal ein viel beschäftigter Unternehmer zu sein",http://www.porsche.com/germany/models/panamera/panamera-turbo-executive/,2014-12-23
Unser wichtigstes Prinzip lautet nach wie vor Maßanfertigung durch Handarbeit.,http://www.porsche.com/germany/accessoriesandservices/exclusive/philosophy/,2014-12-15
"Wo immer es möglich ist, wird konsequent auf Komponenten gesetzt, die aus nachwachsenden Rohstoffen gefertigt sind.",https://www.bmw.de/de/neufahrzeuge/bmw-i/i8/2013/design.html,2014-12-02
"Von Edelsteinen inspiriert, brillieren BMW Individual Lackierungen durch ihr einzigartiges Wechselspiel der Farben: Mehrfarbige Pigmente geben der Oberfläche eine dreidimensionale Tiefe und erfüllen sie mit Leben.",https://www.bmw.de/de/neufahrzeuge/M/m6grancoupe/2012/design.html,2014-12-12
Der Koffein Augen Roll-On reduziert Augenringe und Schwellungen mit Sofort-Kühl-Effekt.,http://www.garnier.de/gesicht/gesichtspflege-marken/gesichtspflege-produkte/hauterstrahler/koffein-augen-roll-on,2014-12-17
"Von Haselnuss bis hin zu Schwarzbraun – braune Haare sind schon immer eine weibliche, wunderschöne und zeitlose Farbentscheidung.",http://www.perfectmousse.de/perfectmousse/de/de/home/coloration/portfolio/600-hellbraun.html,2014-12-13
"Das Styling wird nicht nur geformt, sondern texturiert. ",http://www.loreal-paris.de/haarstyling/frauen/studio-line-txt/dandy-form-control-paste.aspx,2014-12-16
"Intensiv, strahlende Farbleuchtkraft dank exklusivem Diamant-Glanz-Öl.",http://www.brillance.de/brillance/de/de/home/produkte.html,2014-12-18
Dank des Anti-Müdigkeitskomplexes wird die Haut resistent gegen Anzeichen von Müdigkeit. ,http://www.loreal-paris.de/make-up/teint/concealer/indefectible/concealer/01-vanilla.aspx,2014-12-07
Ganz nach dem Motto: „Das richtige Material in der richtigen Menge am richtigen Ort für die optimale Funktion.“,http://www.audi.de/de/brand/de/vorsprung_durch_technik/content/2013/04/ultra.html,2014-12-26
Unsichtbare Effizienz.,http://www.audi.de/de/brand/de/vorsprung_durch_technik/content/2013/04/ultra.html,2014-12-19
"Ein Ansatz, der auf Wissenschaft und hochwertigen Produkten beruht in puncto wissenschaftliche Innovation setzen unsere international renommierten Forschungsmitarbeiter die neuesten technologischen Errungenschaften ein, um exklusive, visionäre und sichere Produkte zu entwickeln. ",http://www.loreal-paris.de/die-marke/innovation.aspx,2014-12-16
"Das erfordert zunächst ein wenig Disziplin, geht aber schon nach wenigen Tagen wie von selbst von der Hand.",https://www.menexpert.de/gesichtspflege-maenner/der-gepflegte-mann/schoenheitstipps-fuer-maenner/,2014-12-30
"Kein Austrocknen, keine Rückstände – nur unerbittlicher Halt. ",http://www.garnier.de/styling/maenner-styling/maenner-styling-produkte/beton/beton-gel,2014-12-22
"Nichts bringt diesen Style um – wie einem Kaktus können ihm weder extreme Luftfeuchtigkeit, Hitze noch Wind etwas anhaben.",http://www.garnier.de/styling/maenner-styling/maenner-styling-produkte/styling-men-brands-survivor/survivor-gel,2014-12-02
Diese sportlich emotionale Formensprache setzt sich im Interieur konsequent fort und wird unterstrichen durch liebevoll gestaltete Details und eine besonders hohe Wertanmutung.,http://www.mercedes-benz.de/content/germany/mpc/mpc_germany_website/de/home_mpc/passengercars/home/new_cars/models/a-class/w176/facts_/design.html,2014-12-18
"Wir sind heute anders unterwegs, wir sind permanent online, ständig erreichbar.",http://www.mercedes-benz.de/content/germany/mpc/mpc_germany_website/de/home_mpc/passengercars/home/new_cars/models/cla-class/c117/facts_/comfort/mercedesconnectme.html,2014-12-20
Sie bringt einen wesentlichen Aspekt der Marke - die Bipolarität aus Intelligenz und Emotion – exakt auf den Punkt.,http://www.mercedes-benz.de/content/germany/mpc/mpc_germany_website/de/home_mpc/passengercars/home/world/design/design_philosophy.html,2014-12-01
"Hier wird Kreativität geatmet, ja gelebt.",http://www.mercedes-benz.de/content/germany/mpc/mpc_germany_website/de/home_mpc/passengercars/home/world/design/advanced_design-studios/design_sensitivity.html,2014-12-14
"Ein Jahr lange sorgenfrei reisen, so oft und wohin sie wollen!",https://www.allianz.de/reise-und-freizeit/reiseruecktrittsversicherung/jahres-reisepakete/,2014-12-11
"So sind Kinderlähmung, Masern und Hirnhaut­entzündung durch mangelnde Vorsorge­impfungen wieder auf dem Vormarsch.",https://www.cosmosdirekt.de/kindererwerbsunfaehigkeit/#produktuebersicht,2014-12-23
Wohnen heißt auch immer leben.,http://www.hypovereinsbank.de/portal?view=/de/privatkunden/lebensereignisse.jsp,2014-12-29
Reisen heißt auf seine Bedürfnisse hören.,http://www.hypovereinsbank.de/portal?view=/de/privatkunden/lebensereignisse.jsp,2014-12-03
Bernd hat es geschafft.,http://www.hypovereinsbank.de/portal?view=/de/privatkunden/lebensereignisse/ruhestand/im-ruhestand-durchstarten.jsp,2014-12-18
"Irgendwann hat man als junger Erwachsener die Nase voll von zu großer elterlicher Fürsorge oder Vorwürfen, dass man schon wieder eine Samstagnacht durchgefeiert anstatt gelernt hat.",http://www.hypovereinsbank.de/portal?view=/de/privatkunden/lebensereignisse/wohnen/wenn-die-kinder-ausziehen.jsp,2014-12-31
Das Leben ist voller Höhen und Tiefen.,http://about.hypovereinsbank.de/de/portraet/leitbild/,2014-12-18
Doch etwas haben alle Klassiker gemeinsam: Charakter und den Charme vergangener Jahrzehnte.,https://www.axa.de/oldtimer-versicherung,2014-12-14
Die praktischen Druckknöpfe im Schritt ermöglichen der Mama und dem Papa ein garantiert leichtes An- und Ausziehen.,http://www.windeln.de/wellyou-baby-body-kurzarm-marine-weiss-geringelt.html,2014-12-09
Zusätzlich regen drei fantasievolle Motive die Fantasie der kleinen Entdecker an. ,http://www.windeln.de/nuk-easy-learning-cup-fun.html,2014-12-11
"In kombistarker Minimalstruktur punktet der Anzug ""Tom Jones"" in strapazierfähiger Schurwollqualität von Tom.",http://www.hirmer.de/anzuege/businessanzuege/Aktueller-Businessanzug-Tom-Jones.html?farbe=blau,2014-12-20
"Doch manchmal benötigt man auch die kleinen Helferlein für mehr Sicherheit und Mobilität, um den Ausflug und den Besuch bei Freunden nicht nur lustig, sondern auch praktisch umzusetzen.",http://www.windeln.de/unterwegs/,2014-12-16
Musik berührt Menschen auf ganze eigene Art und Weise.,http://www.trauerhilfe-denk.de/trauermusik-in-muenchen-und-bayern-stimmungsvolle-musik-fuer-die-trauerfeier.html,2014-12-10
"Einholen und Hissen der Flagge, musikalische Untermalung (Nationalhymne oder Trauermusik) sowie das Blasen der Steuermannspfeife sind oft verwendete Rituale.",http://www.trauerhilfe-denk.de/seebestattung-muenchen-und-bayern-das-meer-als-grabstaette-trauerhilfe-denk.html,2014-12-04
"Jeder Mensch ist einzigartig, jeder Abschied ist es auch.",http://www.angelis-bestattung.de/,2014-12-21
Transparenz ist Grundlage unseres Handelns.,http://www.bacardi-deutschland.de/corporate-responsibility/unsere-verantwortung,2014-12-03
Im vollsten Vertrauen in unsere Mitarbeiter übertreffen wir alle Erwartungen.,http://www.bacardi-deutschland.de/karriere/bacardi-als-arbeitgeber,2014-12-19
Das Leben von Paris in einer Flasche.,http://www.bacardi-deutschland.de/unsere-marken/st-germain,2014-12-16
Das mit reinem Wasser aus einer artesischen Quelle auf Trinkstärke gebrachte LUX-Destillat wird anschließend sehr langsam in mehreren Gängen durch aktivierte Birkenholzkohle und schließlich Kristallquarz filtriert und „poliert“.,http://moskovskaya.de/unsere-produkte/,2014-12-11
Entdecken Sie ein tolles Design und vollkommen neue Features.,http://www.bild.de/corporate-site/ueber-bild-de/bild-de/artikel-ueber-bild-de-17520982.bild.html,2014-12-04
Dafür braucht man die besten Ideen und Instrumente.,http://www.axelspringer.de/media/Unsere-Angebote-Vermarktungsangebote_5201143.html,2014-12-10
"Jetzt geht es darum, die Digitalisierung noch schneller und energischer voranzutreiben.",http://www.axelspringer.de/artikel/Unternehmensportraet_40170.html,2014-12-21
Die Menschen haben mit vielen Schwierigkeiten zu kämpfen.,https://www.milka.de/marke/schokoladenproduktion/unser%20engagement,2014-12-25
"Die unvergleichliche Natur der Alpen mit ihren Farben, Düften und Klängen verzaubert und verführt! ",https://www.milka.de/marke/alpenmomente,2014-12-07
Dein zarter Wunsch wird zu deinem personalisiertem Video!,https://wunschzeit.milka.com/de/,2014-12-13
"Ja, so einfach ist das.",http://www.kelloggs.de/de_DE/einguterstart.html?gclid=CPfal4rzu8ICFczMtAod8hUASQ&gclsrc=aw.ds,2014-12-07
Bin ich fit und fair?,http://www.kelloggs.de/de_DE/who-we-are-landing/our-community.html,2014-12-14
"Trage ihn, wie es Dir gefällt!",http://www.amorelie.de/dessous/slips-strings/besondere-hoeschen/perlenstringpanty-acapricho-schwarz/,2014-12-17
Lieb war gestern.,http://www.amorelie.de/erotik-accessoires/bondage/peitschen/riding-crop/,2014-12-25
Große Aufregung in den Bergen.,http://www.mytoys.de/PLAYMOBIL-Gro%C3%9Fe-Bergwelt/PLAYMOBIL/KID/de-mt.to.br01.26.71/,2014-12-05
Schon bald werden Sie mit Leichtigkeit zwischen Arbeit und Vergnügen wechseln – oder beides gleichzeitig machen. ,http://windows.microsoft.com/de-de/windows-8/meet,2014-12-31
Arbeiten Sie wie ein Designer.,http://office.microsoft.com/de-de/powerpoint/,2014-12-09
"Sie haben eine Pause eingelegt und wissen nicht mehr, wo Sie waren? ",http://office.microsoft.com/de-de/word/,2014-12-03
Experimentieren Sie bei der Gestaltung doch einfach ein wenig.,http://office.microsoft.com/de-de/word/,2014-12-29
"Feiere diese Orgie der Geschwindigkeit, des Stils und der Rennabenteuer zusammen mit Freunden.",http://www.xbox.com/de-DE/xbox-one/meet-xbox-one?xr=shellnav,2014-12-25
"Im Lieferumfang ist ein Aluminum-Stift enthalten, der sich genau wie ein richtiger Stift anfühlt.",http://www.microsoft.com/surface/de-DE/products/surface-pro-3?ocid=SURFACE-PRO-3_0_WOL_Hero_Home_Info_Null_01,2014-12-22
"Der Shop bietet Ihnen ein vielfältiges Sortiment an zeitlosen und technischen Produkten, bis hin zu hochwertigen Neuheiten – für jeden Geschmack ist ein passender Artikel dabei.",https://emea.int.sapmerchandise.com/,2014-12-29
Unsere Vorhersage: mit diesem quadratischen Erdbeerfeld sind Sie überall heiß begehrt.,http://www.ritter-sport.de/de/produkte/detail/Erdbeer-Joghurt-00001?categoryIndex=1&categoryLabel=100g%20TAFELN&filter=all,2014-12-24
Die passt zu mir.,http://www.yogurette.de/,2014-12-12
"Ein italienisches Gesetz verbietet das Präfix ""Super"" in Markennamen.",http://www.nutella.de/historie,2014-12-13
Spielplätze bieten oft stundenlang Spielspaß im Freien.,http://www.kinderschokolade.de/freizeitideen-fuer-die-familie,2014-12-30
"Neben unseren Produkten basiert auch unser Unternehmenserfolg auf einer ganz besonderen Rezeptur: Natürlichkeit, Umwelt, Familie und Qualität!",http://www.katjes.de/wir-bei-katjes.html,2014-12-08
Und das Besondere an ihm: seine einzigartige Wabenstruktur.,http://www.katjes.de/veggie-garten/veggie-produkte/biene-maja-bonbons.html,2014-12-10
"So können Sie selbst bestimmen, wie Sie sich fühlen.",http://www.teekanne.de/produktwelt/kraeutertee/harmonie-fuer-koerper-seele/,2014-12-08
"Als ""Königsdisziplin"" der sozialen Beziehung gilt nach wie vor die Partnerschaft.",http://www.friendscout24.de/ratgeber/beziehung,2014-12-28
Lieber ein Handtuch im Nacken als den Chef.,http://www.tui.com/tui-vital/?contentid=RW:2481_link_beach,2014-12-13
"Dann kommt mit in unsere Welt … eine Welt, die so anders und farbenfroh ist als alles, was du bisher erlebt hast.",http://blog.tui.com/casting-fuer-animateure-teil-1-ueberlegst-du-noch-oder-erlebst-du-schon,2014-12-08
Gemeinsam sind wir ein super Team!,http://www.cs-friseure.de/frisur-finden/,2014-12-05
"Chromatology ist eine schlanke, moderne Farblinie, die unbegrenzte Möglichkeiten in der Kreation raffinierter Farbtöne bietet.",http://www.sassoon-salon.de/farbe/,2014-12-23
"Die Looks der Kollektion arbeiten dabei mit den Elementen Licht und Schatten, wodurch die neuen Cut-and-Colour-Techniken einen dreidimensionalen Effekt erschaffen.",http://www.sassoon-salon.de/muenchen/,2014-12-24
"Wir lieben die Herausforderung, fühlen uns unseren Kunden verpflichtet und verstehen unsere Dienstleistung als optimale Kombination Ihrer Wünsche und unseres Wissens.",http://www.friseure-in-muenchen.de/friseure-muenchen_friseur.html,2014-12-17
Oder kopfüber auftragen und mit der Antigravitäts-Technik trocken föhnen.,http://www.wella.com/professional/de-DE/product/styling/wet_boost_bounds_curl_enhancing_mousse_300,2014-12-29
Die klare Suppe beeindruckt mit erlesener Gemüseeinlage und einer besonders raffinierten Nudeleinlage.,https://www.maggi.de/produkte/alle-produkte/maggi-guten-appetit-eiermuschel-suppe,2014-12-23
Die Welt steht nicht still.,https://www.maggi.de/ueber-maggi/heute,2014-12-14
Have die Pause deines Lebens.,http://www.kitkat.de/#aktion,2014-12-14
Die charmante und sinnliche Art Riegel zu genießen. ,http://www.kitkat.de/#kitkat,2014-12-13
"Gesundheit und Wohlbefinden sind ein Leben lang sehr bedeutsam, hiervon sind wir überzeugt.",http://www.nestle-marktplatz.de/view/navi_schoeller_ueber-uns_quality-kids_teaser,2014-12-05
"Deshalb ist es wichtig, den Aufwand für Verpackungen ökologisch vertretbar zu gestalten und gleichzeitig die Verschwendung von Nahrungsmitteln zu minimieren.",http://www.nestle.de/themenwelten/debatte/kaffeekapseln,2014-12-17
"Sie werden nach Farben sortiert, in Formen gelegt oder zu fantasievollen Wesen wie Einhörnern, Drachen oder Zauberern, die bunte Geschichten erleben.",http://www.nestle.de/themenwelten/ein-bild-und-seine-geschichte,2014-12-26
Sie vereinen hohe Effektivität mit großem Komfort und werden von vielen Menschen täglich gebraucht.,http://www.obi.de/de/rat-und-tat/wissenswertes/duschsysteme/index.html,2014-12-09
"Hohe Decken sind zwar schön, doch manchmal stören sie auch eine ausgewogene Raumproportion.",http://www.obi.de/de/rat-und-tat/wohnen/alles-rund-um-farbe/farbberater/index.html,2014-12-03
"Die dekorative, verstärkte Abschlusskante und der darüberliegende, zur Mitte hin geschwungene Rahmen, der jedes Element umschließt, sind charakteristisch für diese Serie.",http://www.obi.de/decom/product/Wenko_Eckablage_Sion_Power-Loc_Befestigen_ohne_Bohren_21_cm_breit/8838740,2014-12-17
"Und zusätzlich zu den Honig-Sternen gibt es eine weitere spannende Produktform, die in gewissen Abständen wechselt.",https://www.nestle-cereals.de/products/cereals/nestle-kosmostars,2014-12-22
"Wer gesund leben möchte, sollte darauf achten, dass max. 30% seiner Kalorien aus dem Fett stammen.",http://www.hertaland.de/herta/qs_naehrwerte.php,2014-12-01
"SB-Produkte kann man in die Hand nehmen, durch die Packung befühlen und genau betrachten.",http://www.hertaland.de/herta/qs_verpackungen_vorteile.php,2014-12-25
 Diese zeichnet sich durch besondere Cremigkeit und einen fein würzigen Geschmack aus.,http://www.hertaland.de/produkt/delikatess-leberwurst-125g_70,2014-12-12
Roséfarben unterstreichen das Gehäuse und das feingliedrige Armband charmant die zarte Ausdruckskraft.,http://www.bonprix.de/produkt/uhr-whitney-gold-957811/,2014-12-18
Die herrlich verarbeiteten Zirkoniasteine sorgen für wundervoll funkelnde Lichtbrechungen und strahlen dank ihrer dezenten Einfassung in alle Richtungen.,http://www.bonprix.de/produkt/klappcreolen-serie-mit-zirkoniastein-goldchampagner-923384/?bundle=8061092#image,2014-12-30
Als neue Wrap-Generation sollen sie zusätzliche Verzehranlässe in der Außerhaus-Verpflegung generieren und frische Verkaufsimpulse geben.,http://www.salomon-foodworld.com/de/wir-ueber-uns/presse/2012/wraps-around-the-clock-und-burger-vielfalt.php,2014-12-18
"Die Erweiterung des Tiefkühl-Food Systems, das authentische, frische Produkte und ihre Präsentation in fühlbar natürlichem Material ""serienmäßig"" in Einklang bringt: Feel, Look & Taste.",http://www.salomon-online.com/de/produktgruppen/servEasy-mediterranean.php,2014-12-02
Unvergleichlich durch seine handwerkliche Optik und seinen extra lockeren Biss.,http://www.salomon-online.com/shop/homestyle-burger-150-g.html,2014-12-05
Die Vibration und 360°-Rotation mit 3200 Umdrehungen pro Minute sorgen für eine innovative Tiefenmassage mit einem modellierenden Effekt für den ganzen Körper.,http://www.channel21.de/vibraluxe-pro/p_9900923_40289eea30adb0860130ae32aaf01b44_40289eea30adb0860130ae32b2a51c85/de,2014-12-28
"Die einzelnen Farben sind im Gesamtergebnis selbstverständlich nicht mehr sichtbar – es ist die erfrischende, strahlende und verzaubernde Wirkung, die bleibt!",http://www.hse24.de/Kosmetik/Dekorative-Kosmetik/Teint/Judith-Williams-Beauty-Queen-Powder-Pearls-Pinsel-pu62232530.html,2014-12-29
"Und natürlich können Sie sofort feststellen, ob Sie den ganzen Tag über genug getrunken haben. ",http://www.hse24.de/Kosmetik/Kleingeraete/Dr.-Fuchs-Solutions-Hautanalyse-Stick-pu55346014.html,2014-12-19
"Wenn man es nicht weiß, bemerkt man keinen Unterschied zu einer echten Kerze.",http://www.hse24.de/Haus-Garten/Dekoration-Beleuchtung/Flammenlose-Kerzen/Flambiance-Flammenlose-Kerzen-Blumenform-4tlg.-pu49563889.html,2014-12-30
Sie kommen im samtig-weichen Hochflor-Fellimitat-Style.,http://www.qvc.de/Kissen-Set-2tlg..product.810405.html?cm_sp=VIEWPOSITION-_-11-_-810405&sc=810405-HWS1,2014-12-17
Sie brennt bis zu 120 Stunden lang.,http://www.qvc.de/leuchtende-Katzenfigur.product.775387.html?orisc=DRIL&sc=775387-DRIL&cm_sp=VIEWPOSITION-_-39-_-775387,2014-12-22
Dieses süße Rehkitz ist nicht alleine.,http://www.qvc.de/Rehkitz-liegend-mit-Vogel.product.505009.html?orisc=DRIL&sc=505009-DRIL&cm_sp=VIEWPOSITION-_-15-_-505009,2014-12-05
Blumenapplikationen runden den harmonischen Eindruck ab.,http://www.qvc.de/V%C3%B6gel-auf-Ast-Porzellan.product.505007.html?orisc=DRIL&sc=505007-DRIL&cm_sp=VIEWPOSITION-_-21-_-505007,2014-12-26
Eine vollkommen neue Lichtgestalt − erbaut aus visionären Höhepunkten. ,http://www.neoplan-bus.com/cms/de/skyliner/design_1/skyliner_design.html,2014-12-02
Es führt die Wärme gezielt und ausschließlich an die Haare.,http://www.mediashop.tv/DE/nono-haarentfernungset_1/,2014-12-20
"Sie werden ein kribbeliges Gefühl verspüren, gefolgt von einigen kraftvollen Kontraktionen.",http://www.mediashop.tv/DE/pyramid-power-muskelstimulation/,2014-12-19
Ihre Musik bringt immer gute Laune und lädt zum Tanzen ein.,http://www.mediashop.tv/DE/die-big-band-der/,2014-12-09
Die dezenten Ringel schaffen ein tolles Hintergrund-Muster.,http://www.windeln.de/kanz-einteiliger-schlafanzug-1515903.html,2014-12-14
"Nussbaumschaft mit Schweinsrücken, deutscher Backe und Gummikappe.",http://www.frankonia.de/Forest+Favorit+Spezial+komplett+montiert./Forest+Favorit/Ansicht.html?Artikelnummer=165628&lsn=Teaser_Channel&navCategoryId=6748,2014-12-11
Dies sorgt für ein gleichmäßiges Aufpilzen und keine Splitter!,http://www.alljagd.de/Munition/Patronen/Federal-Fusion-Verbundgeschossmunition.html,2014-12-11
"Das profilierte Griffstück und die extra griffige Durchladeriffelung im vorderen und hinteren Bereich
des Schlittens garantieren den festen Griff und einen stabilen Anschlag.",http://www.freie-waffen.com/catalog/waltherp22gaspistoleincl50stckplatzpatronen-p-145.html,2014-12-26
Mit ihrem weichen Material und der cleveren Form passt sie sich jeder Kopfform an! ,http://www.amorelie.de/erotik-accessoires/erotische-rollenspiele/erotische-masken/leg-avenue-hasenmaske/,2014-12-09
"Jeder hat mal ""schlappe"" Momente.",http://www.beate-uhse.com/penis-powerspray-x-strong/p/351990000?navigationCode=Y2F0YWxvZzAxX2NhdDNfY2F0M2NhdDJfY2F0M2NhdDJjYXQx,2014-12-15
"Ideal, um einerseits Stress abzubauen.",http://www.beate-uhse.com/anti-stress-ball-boob/p/317060000?navigationCode=Y2F0YWxvZzAxX2NhdDEyX2NhdDEyY2F0Ml9jYXQxMmNhdDJjYXQx,2014-12-12
Dieser Taschentuch-Halter ist die ideale Kombination aus kulturellem Anspruch und höchster Funktionalität.,http://www.beate-uhse.com/taschentuch-halter-osterinseln/p/315620000?navigationCode=Y2F0YWxvZzAxX2NhdDEyX2NhdDEyY2F0Ml9jYXQxMmNhdDJjYXQx,2014-12-22
"Wir haben Ihnen die farbenprächtige, satte und bunte Welt, die Sie mit Ihren eigenen Augen sehen können, in die Welt, die Sie in Ihrer Hand halten, gebracht.",http://www.samsung.com/de/consumer/mobile-device/tablets/tablets/SM-T805NTSADBT,2014-12-28
"Wechseln Sie das Armband und drücken Sie Ihre Persönlichkeit frei aus, unabhängig von Ihrer Stimmung und Ihrem Outfit. ",http://www.samsung.com/de/consumer/mobile-device/wearable/wearable/SM-R3810ZKADBT,2014-12-25
Es besteht aus 5 Wiegenfeen (5 ist die Zahl der Göttin) welche in einem Reigen um eine Wiege tanzen.,http://de.dawanda.com/product/64945367-Wiegenfeen-Mobile-Fee-Wolle-Elfen-W,2014-12-14
"Darüber hinaus definieren und konzipieren eine Vielzahl internationaler Kunden über den LEO-User-Club gemeinsame Versorgungskonzepte, Weiterentwicklungen und Änderungsvorhaben.",http://www.kmweg.de/home/kettenfahrzeuge/kampfpanzer/leopard-2-a6/produktinformation.html,2014-12-17
Die Fahrzeugsignatur ist entsprechend neuester Richtlinien minimiert.,http://www.psm-spz.de/index.php?id=schutzkonzept,2014-12-24
"Vielmehr stimulieren die perlförmigen ""Hügel"" die zarten Innenseiten der Nachbarfinger auf anregende Art & Weise.",http://de.dawanda.com/product/32115689-Ring-Silber-rhodiniert---LoveJewels,2014-12-04
Der hohe vertikale Richtbereich von -15° bis +70° bietet deutliche Wirkungsvorteile auch in urbanen Einsatzszenarien.,http://www.kmweg.de/home/bewaffnung/fernbedienbare-waffenstationen/flw-200/produktinformation.html,2014-12-27
All diese Details fangen die Atmosphäre eines Tages an der Rennstrecke ein und bringen sie zu Ihnen an den Schreibtisch. ,http://www.buerostuhl24.com/buerostuhl-chefsessel-racer-pro-i-kunstleder-hjh-office.40021.html,2014-12-27
Hier werden Sie sich körperlich und optisch wohl fühlen.,http://www.buerostuhl24.com/drehstuhl-buerostuhl-racer-sport-orange-weiss-hjh-office.26885.html,2014-12-16
Daneben berücksichtigen wir auch die Belange weiterer Interessengruppen in der Gesellschaft.,http://www.bayer.de/de/mission---werte.aspx,2014-12-01
Neue Option zum Einbau in ein erfolgreiches Resistenzmanagement.,http://agrar.bayer.de/Produkte/Pflanzenschutzmittel/Produkte%20A-Z/Artist/Schnellinformation.aspx?data=Ml9fXzA=,2014-12-13
Mit der Erfolgsformel in die Zukunft starten!,http://agrar.bayer.de/Produkte/Pflanzenschutzmittel/Produkte%20A-Z/Aviator%20Xpro%20Talius/Erfolgsformel%20-%20Erfolg.aspx?data=Ml9fXzA=,2014-12-06
"""Am Ende steht Qualität“.",http://www.sarg-online.de/,2014-12-17
Bei uns trauern Sie nicht um Ihr Geld!,http://www.sargdiscount-berolina.de/index.php/unser-prinzip.html,2014-12-24
"Das ist irgendwie peinlich, oder?",http://www.alternativefuer.de/programm-hintergrund/hintergrundinformationen/thesen-zu-datenschutz-und-informationeller-selbstbestimmung/www.heise.de/tp/blogs/8/152166,2014-12-21
"Wie Sie gesund essen, sportlich bleiben, eine erfüllte Partnerschaft führen, Ihren Körper verwöhnen, die Seele baumeln lassen können – plus Videos, Rätsel und Foren.",http://www.apotheken-umschau.de/Besser-Leben,2014-12-05
"Neben Einsamkeit kann auch der Wunsch, ein Nest zu bauen und eine Familie zu gründen, ein Motiv für die Partnersuche sein.",http://www.apotheken-umschau.de/Partnerschaft,2014-12-28
Männer und Frauen sind gleichgestellt.,https://www.cosmosdirekt.de/rund-um-vertraege/unisex-tarife-14450/,2014-12-06
Schrotte sind unendlich oft und ohne Qualitätsverlust einsetzbar.,http://www.bvse.de/16/Schrott,2014-12-08
"Um Mobilität auch für künftige Generationen zu sichern, arbeitet die  deutsche Automobilindustrie mit dem einzigen Rohstoff, den es unbegrenzt  gibt: Innovation.",https://www.vda.de/de/verband/ueber-den-verband/das-autoland-der-ideen.html,2014-12-11
"Nachhaltigkeit versteht die Chemie schon seit Langem als Verpflichtung gegenüber den jetzigen und künftigen Generationen - und als Zukunftsstrategie, in der wirtschaftlicher Erfolg mit sozialer Gerechtigkeit und ökologischer Verantwortung verknüpft ist. ",https://www.vci.de/Nachhaltigkeit/Seiten/Startseite.aspx,2014-12-17
Ein wesentlicher Ansatzpunkt für mehr Beschäftigungsdynamik ist die konsequente Ausrichtung der sozialen Absicherung bei Arbeitslosigkeit und der Arbeitsförderung auf eine zügige Beschäftigungsaufnahme. ,http://www.arbeitgeber.de/www/arbeitgeber.nsf/id/DE_Beschaeftigung,2014-12-18
"Die Kirchen haben in den vergangenen Jahren immer wieder unternehmerisches Handeln ausdrücklich gewürdigt und damit dazu beigetragen, das Unternehmerbild von Vorurteilen zu befreien.",http://www.arbeitgeber.de/www/arbeitgeber.nsf/id/DE_Kirche-Wirtschaft,2014-12-06
"Menschenrechte müssen weltweit umgesetzt werden.
",http://www.arbeitgeber.de/www/arbeitgeber.nsf/id/DE_Menschenrechte,2014-12-08
"Eine gepflegte, jugendlich anmutende Haut gehört ebenso dazu wie eine straffe und geschmeidige Silhouette, eine attraktive und natürliche Bräune und körperliche Fitness, die von Dynamik und Gesundheit zeugt. ",http://www.sunpoint.de/,2014-12-17
Ein gepflegtes Äußeres und ein leicht gebräunter Teint sind gerade in der heutigen von Stress und Hektik geprägten Zeit nach wie vor erstrebenswerte Ideale.,http://www.sonnenstudio-schwabing.de/?page_id=7,2014-12-17
Die effektiven Wirkspektren der Energizing Light Technology werden durch das Zusammenspiel aus neu entwickelten Hochdruckstrahlern mit speziell beschichteten Filterscheiben und besonderen Glasreflektoren ermöglicht.,http://www.beste-sonne.de/15-startseiten-artikel/75-beauty-angel-start.html,2014-12-13
Glänzend lackierte schwarze Details runden die markante Front selbstbewusst ab,http://www.volkswagen.de/de/models/polo-gti/highlights.html#/flash=452a18bb8d36c5749704b88a62909d13@%2Blayer3f1c92d69ba7688dec55669e989300f9,2014-12-31
" Wir sind bestrebt, risikoreduzierte Produkte auf den Markt zu bringen, die wirtschaftlich erfolgreich sind und von den Konsumenten angenommen werden",http://www.bat.de/group/sites/BAT_7TYF37.nsf/vwPagesWebLive/DO82PD2V?opendocument&SKN=1,2014-12-03
Daher sehen wir den konstruktiven Dialog mit diesen Anspruchsgruppen im Rahmen eines verantwortlichen Lobbyings als unser Recht und unsere Pflicht an.,http://www.bat.de/group/sites/BAT_7TYF37.nsf/vwPagesWebLive/DO82PDNQ?opendocument&SKN=1,2014-12-13
"Des Weiteren konnte bislang noch keine Studie eine Aussage darüber treffen, ob ein Raucher bestimmte gesundheitliche Risiken vermeiden kann, indem er weniger raucht.",http://www.bat.de/group/sites/BAT_7TYF37.nsf/vwPagesWebLive/DO7VHB3H?opendocument&SKN=1,2014-12-19
"Wir respektieren die Sichtweise führender Gesundheitsorganisationen und akzeptieren die gegenwärtig vorherrschende öffentliche Meinung, dass der Kontakt mit Passivrauch Krankheiten verursachen kann. ",http://www.bat.de/group/sites/BAT_7TYF37.nsf/vwPagesWebLive/DO7VHB4H?opendocument&SKN=1,2014-12-24
"Und dennoch geht die Verpflichtung zu
hoher geschäftlicher Verhaltensintegrität weit
über eine strikte Einhaltung der Gesetze hinaus. ",http://www.bat.de/group/sites/bat_7tyf37.nsf/vwPagesWebLive/DO82PD8P/$FILE/medMD9KCG9P.pdf?openelement,2014-12-02
"PMI möchte Kinderarbeit in ländlichen Gemeinden verhindern, aber dieses Vorhaben gestaltet sich schwierig. ",http://www.pmi.com/deu/about_us/how_we_operate/pages/child_labor.aspx,2014-12-08
"Die Minderung von Schäden ist eine Strategie in Reaktion auf eine schädliche Handlung, deren Ziel es ist, den Schaden zu vermindern, den diese Handlung verursacht, anstatt die Handlung selbst zu unterbinden.",http://www.pmi.com/deu/tobacco_regulation/regulating_tobacco/pages/harm_reduction.aspx,2014-12-02
"Schließlich hoffen wir, zur rechten Zeit viele oder sogar alle Tierversuche durch andere Methoden, die keine Versuchstiere erfordern, ersetzen zu können.",http://www.pmi.com/deu/research_and_development/pages/animal_testing.aspx,2014-12-19
"Wir stimmen dem zu, dass die Hersteller moderne Systeme zur Kontrolle ihrer Verkaufs- und Vertriebswege einführen sollten und dass sie von der Belieferung von Verkäufern absehen sollten, die erwiesenermaßen in den illegalen Handel verwickelt sind.",http://www.pmi.com/deu/tobacco_regulation/illicit_trade/pages/illicit_trade.aspx,2014-12-02
"Die Töne vermitteln Wärme und Geborgenheit, zudem hinterlassen sie einen geerdeten und bodenständigen Eindruck.",http://www.weru.de/de/privatkunden/wohnen-mit-weru/farbwelten.html,2014-12-15
Ich habe ein goldenes Gürkchen gefunden - was muss ich tun?,http://www.homann.de/aktionen/14/GoldenesGuerkchen/,2014-12-02
"Patchwork transportiert fröhliche, unkonventionelle Heimelichkeit.",http://www.kare.de/wohnbereich/schlafzimmer/sitzwuerfel-patchwork-red-40x40cm.html,2014-12-07
Der unglaublich lässige Style wird unter anderem durch die markanten Außennähte verstärkt.,http://www.kare.de/moebel/betten/bett-samba-antique-24-160x200cm.html,2014-12-09
"Hier springen einem aufmüpfige Kugeln entgegen, die für tolle Effekte und eine Strahlwirkung der besonderen Art sorgen.",http://www.kare.de/wohnbereich/schlafzimmer/spiegel-disco-fever-140x96cm.html,2014-12-09
"Da sie aber aus Aluminium gefertigt ist und ihr eben nicht die klassische Verwendung als Nahrungs- und Genußmittel zugedacht ist, bleibt ihre Form unangetastet.",http://www.kare.de/accessoires/dekoration/vase-bonbon-alu-29cm.html,2014-12-13
"Eine sündige Pracht, punkige Barockelemente und ein Farbspektakel in Silber, Dunkelviolett und Schwarz – das sind die Zutaten für den lässigen Rockstar-Faktor für Zuhause. ",http://www.kare.de/wohnbereich/schlafzimmer/bank-wing-velvet-black.html,2014-12-22
Dieses Geschenk bringt jeden zum Strahlen.,http://www.adac.de/produkte/fahrsicherheitstraining/gutscheine/default.aspx?ComponentId=91672&SourcePageId=8417,2014-12-14
"Das absolut notwendige Kleidungsstück für den modebewußten Wegelagerer.
",http://www.thorsschmiede.de/index.php?module=catalogue&action=article_single&articleID=3429,2014-12-16
Die Geige wird aufgeklappt und dann werden sowohl Kopf als auch beide Handgelenke in entsprechende Aussparungen gelegt und wieder zugeklappt.,http://www.thorsschmiede.de/index.php?module=catalogue&action=article_single&articleID=4106,2014-12-19
"Unbestreitbar ein Beispiel von Prunk, Schönheit und Schutz, gleichzeitig aber auch furchterregend.",http://www.thorsschmiede.de/index.php?module=catalogue&action=article_single&articleID=3735,2014-12-10
Der Schaumstoff wird zum Schutz mit Latex umgeben und erhält anschließend durch authentische Farbgebung einen optischen Abschluss.,http://www.ritterladen.de/LARP/Forgotten-Dreams-Design/Elven-2nd-Edition/Hochelfen-Stab-gruen.html,2014-12-30
"Die weiß-braunen Stücke verströhmen einen etwas herben warm- würzigen Duft, der hilft die eigene Mitte zu finden.",http://www.ritterladen.de/Tafeln-Lagern/Raeucherwerk/Raeuchermischungen/griechischer-Rosenweihrauch-Myrrhe.html,2014-12-28
"Zu den Instrumenten gehören Streicher, Klavier, Flöte und Harfe, zusammen mit dem gelegentlichen Ton eines Vogels.","http://www.pranahaus.de/Angel-Delight-CD--38d1a540864,0,1.html?pageSize=12",2014-12-15
Polyhymnia schwingt hoch-energetisch mit über 1 Million Boviseinheiten.,"http://www.pranahaus.de/Polyhymnia-Hymnen-aus-dem-All-CD--38d1a532216,0,3.html?pageSize=12",2014-12-02
Die Kombination aus anregendem Sandelholz und dem Duft kostbarer Parfümöle vermittelt ein Gefühl purer Lebendigkeit.,http://www.duschdas.de/produkte/duschgele/noire,2014-12-26
Wunderbar erfrischt kann mit gestärktem Siegeswillen dem nächsten Anpfiff entgegengefiebert werden.,http://www.duschdas.de/produkte/duschgele/fussballfieber-2014,2014-12-05
"Dabei leben die Hunde und
Katzen bei uns unter den besten Bedingungen.",http://www.pg.com/de_DE/downloads/standpunkte/positionspapiere/Forschung_Tiernahrung.pdf,2014-12-11
"Es ist erklärte Unternehmenspolitik, hierfür so wenige Tiere wie möglich zu nutzen und die Tierversuche selbst nach den höchsten ethischen Standards durchzuführen. ",http://www.pg.com/de_DE/downloads/standpunkte/positionspapiere/Forschung_Arzneimittel.pdf,2014-12-03
Das intelligente Display verfügt sogar über eine Hilfefunktion.,http://www.logitech.com/de-de/product/harmony-remote-650?crid=60,2014-12-02
Verringere vorübergehend die Empfindlichkeit beim Schießen.,http://gaming.logitech.com/de-de/product/moba-gaming-mouse-g302,2014-12-07
Halte dich nicht nur passiv an die Gesetze der Physik.,http://gaming.logitech.com/de-de/product/driving-force-gt-gaming-wheel,2014-12-15
Wir definieren den sicheren Bereich.,http://www.pampers.de/new-product-news/safety-commitment-statement,2014-12-07
"Hier erhalten Sie Fakten und Erkenntnisse zum weiblichen Körper, die Ihnen dabei helfen, sein Potenzial voll und ganz auszuschöpfen. ",http://www.always.de/de-DE/home.aspx,2014-12-11
Vermeiden Sie störende Partikel und genießen Sie den ganzen Tag über sicheren Halt.,http://www.blend-a-dent.de/produkte-blend-a-dent-plus-kruemelschutz-haftcreme,2014-12-28
"Plaque ist eine klebrige, farblose Ablagerung von Bakterien, die sich ständig auf der Zahnoberfläche bildet.",http://www.oralb-blendamed.de/de-DE/artikel/was-ist-zahnbelag/,2014-12-04
Wissen ist mehr als Macht.,http://www.wick.de/gesundheits-ecke/schuetzen/tipps-gegen-erkaltung-und-grippe/,2014-12-05
"Ein jedes Jahr aufs Neue gefaßter Vorsatz zielt darauf, die Weihnachtsvorbereitungen so zeitig zu erledigen, daß man den Advent als das erleben kann, was er eigentlich sein sollte – eine besinnliche Zeit der Ruhe.",http://www.manufactum.de/weihnachten-c-3655/?adword=B/g_g/TM/manufactum/manufaktum/e/1t1&dm_flag=130729,2014-12-13
"Durch eine feine Abstimmung von Veilchen mit einem floralen Strauß von Rosen, Ylang Ylang und Geranien sowie einem Hauch exotischer Gewürze, verbreitet diese Variante eine knackig prickelnde Frische.",http://www.lenor.com/de/Produkte/Vitalitat,2014-12-31
"Die schrittweise Duftfreigabe wird Ihrer Kleidung nach jeder Wäsche eine bemerkbare, luxeriöse Basisnote verleihen.",http://www.lenor.com/de/Produkte/Luxurios,2014-12-05
Sauberkeit wird sinnlich!,http://www.lenor.com/de/Produkte/LenorVollwaschmittel,2014-12-24
"Mit einer Spezialmischung aus Macadamiasamenöl, Avocadoöl und Vitamin E, bekannt für seine natürlichen antioxidativen Eigenschaften, setzt dieses Öl mit sofortiger Wirkung wunderschöne Lichtreflexe Ihrer Haarfarbe in Szene. ",http://www.wella.com/professional/de-DE/products/care/discover/care-discover#/1a9c56a7-ccac-4b98-b76a-6b83ebd50124/1,2014-12-25
Auch Himbeeren sind etwas ganz Besonderes.,http://www.herbalessences.com/de-DE/spitzen-star-trockene-haarspitzen#,2014-12-05
"ann solltest du wissen, dass wir nichts als Haar im Kopf haben.",http://www.herbalessences.com/de-DE/ueber-uns-herbal-essences,2014-12-10
"Es bedeutet also nicht, dass du irgendwie anders bist.",http://www.headandshoulders.de/hair-clinic/why-you-why-now/young-people,2014-12-21
"Je früher Sie also aus dem Teufelskreis ausbrechen, desto besser. ",http://www.headandshoulders.de/hair-clinic/understanding-scalp-issues/scalp-issues,2014-12-03
"Versuch es doch mal mit „Mama, ich fühl mich mit den Haaren an meinen Beinen nicht wohl und möchte gerne mal probieren, mich zu rasieren.""",http://www.gillettevenus.de/de-DE/venus-beauty/tips/teen-shaving-tips/,2014-12-31
"Schlage deine Beine übereinander, wenn du ihm gegenüber sitzt, und lasse einen Schuh vom Fuß baumeln.",http://www.gillettevenus.de/de-DE/venus-beauty/articles/how-to-shave-your-legs-romantic-weekend/,2014-12-10
"Wenn du am Ende dieses Tages verheiratet bist, ist deine Hochzeit schon ein voller Erfolg!",http://www.gillettevenus.de/de-DE/venus-beauty/articles/shaving-tips-wedding/,2014-12-27
"Das Polsterhandwerk ist ein Handwerk, das seine eigentliche Leistung unter Bezügen verbirgt.",http://www.manufactum.de/hochwertige-moebel-online-c172260/,2014-12-10
"Nicht nur aus Evas facettenreichem, glasklarem, leidenschaftlich intoniertem Gesang spricht jederzeit der unbedingte Wille, den originären, gewachsenen und charakteristischen Bandsound abzubilden, sondern auch aus jedem der sphärischen, schwebenden, die Songs gleichzeitig im melodiösen Fluss haltenden und sie mit spielerischer Leichtigkeit umgarnenden Gitarrenklänge, die auf berückend unaufdringliche Weise in den Vordergrund zurückgekehrt sind und die — noch immer vorhandenen — elektronischen Elemente in die zweite Reihe verweisen,wie auch aus dem hypnotischen, kraftvollen und perkussiven Spiel der Rhythmusgruppe, das in enervierendem Kontrast zum feinfühligen Auftritt von Stimme und Melodieinstrumenten steht.",http://www.juli.tv/site/bio/,2014-12-17
"Verantwortung heißt ja bekanntlich, auf einen Impuls die richtige Antwort zu finden.",http://revolverheld.de/bio,2014-12-11
"Mitschunkeln, mitsummen, klatschen, springen - erlaubt ist, was gefällt!",http://www.andrerieu.com/de/andre-jso,2014-12-01
"Das kühle, türkisfarbene Wasser verjüngt.",http://www.egypt.travel/,2014-12-11
Verlieren und finden Sie sich gemeinsam mit Ihrem Partner.,http://de.egypt.travel/experience/index/romance,2014-12-23
Rumänien hat Ihnen mehr zu bieten als jedes andere Land dieser Erde.,http://www.rumaenien-tourismus.de/,2014-12-29
"Nein, es sind keine künstlich belebten Museen, in diesen Dörfer wird echt wie es echter nicht geht gelebt, gelacht, gefeiert.",http://www.rumaenien-tourismus.de/,2014-12-17
"Rote Dünen, weiße Dünen, Mondlandschaften und Salzseen, in denen sich die Fatamorganas spiegeln. Illusion, Realität oder einfach die Magie dieser so unglaublichen Landschaft, die schon viele große Künstler und Regisseure inspiriert hat.",http://www.tunesien.info/aktivitaeten/wuestenreisen.html,2014-12-07
Vor allem grün.,http://www.visitwales.de/server.php-show=nav.12264.html,2014-12-29
"Der Telefondienst, der seit 2002 zur Direktion der Telekommunikation des Governatorats des Vatikanstaates gehört, verwaltet die vatikanische Telekommunikation, die über eine ausgedehnte Netzinfrastruktur – für Radiotelefonie und Daten – verfügt, die in voller Autonomie mit angemessenen Kompetenzen, Mitteln und eigenem technischem Personal geplant, verwaltet und gewartet wird.",http://www.vaticanstate.va/content/vaticanstate/de/servizi/servizio-telefoni.html,2014-12-22
"Die schmackhafte Küche, die guten Weine und die gastfreundlichen Menschen vervollständigen das qualitätsorientierte touristische Angebot.",https://www.visitportugal.com/de/sobre-portugal/biportugal,2014-12-10
"Mit stillem Wasser für eine ruhige Navigation oder ungestümem Wasser, das einen höheren Adrenalinausstoß garantiert, zeigt sich der Ozean in unterschiedlichen Stimmungen, mit denen die, die ihn gut kennen, leicht zurechtkommen.",https://www.visitportugal.com/de/experiencias/turismo-nautico,2014-12-03
"Die Institution Zoo ist schon seit vielen Jahren nicht mehr eine Anhäufung von engen Gehegen und Käfigen mit einzelnen Exoten, sondern eine attraktive Einheit aus Landschaftsgestaltung, biotoporientierter Präsentation und Haltung zumeist bedrohter Tierarten in großräumigen attraktiven Stallungen und großzügigen in die Landschaft eingebetteten Freigehegen.",http://www.duisburg.de/freizeit/tourismus_freizeit/natur_tiere/102010100000197187.php,2014-12-17
Also tauchen Sie ein in Ihre “eigene” Wohlfühloase …,http://www.bochum.de/C125708500379A31/currentbaselink/W28SKHS6031BOLDDE,2014-12-02
"Eine moderne Kulturszene im innerstädtischen Raum rundet die bunte Palette ab, die für jeden Geschmack und jeden Geldbeutel etwas bereithält.",http://www.fulda.de/leben-in-fulda/wir-ueber-uns.html,2014-12-12
"Wer das Beste erhalten will, der muss Landeplätze für die Zukunft bauen statt Bunker zur Verteidigung der Vergangenheit.",http://www.bayern.de/bayern-die-zukunft/,2014-12-11
"Solange mir der liebe Gott meine Stimme erhält, werde ich weiter für mein Publikum singen!",http://www.heino.de/biografie.html,2014-12-26
"Dass hier ein selbstbewusst anpackender, im Rampenlicht stehender junger Mann sich die Freiheit nimmt, seine Sorgen und Nöte, seine Sehnsüchte und Träume im Wortsinn „auszutanzen“, und dabei seiner Fantasie eine lange Leine lässt, diesen Eindruck gewinnt man beim Hören der vorliegenden Produktion.",http://www.stefan-mross.de/cms/index.php/biografie,2014-12-30
"Eine Tatsache, die man dem neuen Album der aus dem idyllischen Pfäffikon stammenden Vollblut-Performerin deutlich anhört.",http://www.universal-music.de/beatrice-egli/biografie,2014-12-25
"Kombiniert mit seinen Glanzleistungen als Moderator, der auf 36 eigene TV-Shows bei ZDF und ARD zurückblicken kann (unter anderem „So ein Tag mit guten Freunden“, „Patrick Lindner persönlich“, „Patrick Lindner Show“), Schauspieler („Das Traumschiff“, „SOKO 5113“) und Buchautor, zählt der gebürtige Münchner, der 2012 in der RTL-Show „Let’s Dance“ auch sein tänzerisches Können eindrucksvoll unter Beweis stellte, seit Jahren zu den wenigen ganz, ganz großen Allround-Superstars im deutschen Showgeschäft.",http://www.patrick-lindner.de/biografie/index.html,2014-12-02
Konstruktive Auseinandersetzung und Lobbyismus – darin bestehen die wesentlichsten Aufgaben des Bundesverbandes.,http://bdv-online.com/verband/ziele-und-aufgaben/,2014-12-09
"Die Lobbyarbeit hat in den letzten Jahren eine kaum zu überschätzende Bedeutung gewonnen, da die branchenrelevanten Themen – anders als früher – heute politisch kontrovers diskutiert werden. ",http://www.musikindustrie.de/leistungen/,2014-12-15
Eine erfolgreiche digitale Transformation für ein Medienunternehmen erfordert die Neuerfindung und Aufwertung von Inhalten und Services.,http://www.bertelsmann.de/strategie/digitale-transformation/,2014-12-06
"Und auch auf der Kirmes findet sich ein ruhiges Eckchen, um den Moment zu genießen und sich abseits des Rummels besser kennenzulernen.",http://www.ueltje.de/genussmomente/feste-mit-ueltje/,2014-12-28
Was wäre eine Party oder ein Filmabend ohne das genussreiche Knabber-Erlebnis?,http://www.ueltje.de/unternehmen/ueber-ueltje/,2014-12-14
"Nicht nur wir geniessen gerne Honig, auch dem Bienenvolk dient das flüssige Gold als Futter und Energiequelle.",http://www.moevenpick-finefoods.com/product/honig-pistazie/,2014-12-31
"Die Tür ist die Visitenkarte Ihres Lebensbereiches und verwirklichen Ihre Wünsche, nach Schönheit, Sicherheit und Geborgenheit.",http://www.schreinerei-reuder.de/tueren.html,2014-12-29
"Die Bäume bleiben nun mit Krone und Ästen bis zum Frühjahr im Wald liegen und haben Zeit, sich in ihrem neuen Zustand zurechtzufinden und sich auf ihre künftigen »Aufgaben« vorzubereiten.",http://www.naturklimahaus.de/naturmaterialien---mondholz-und-lehm/mondphasenholz/index.php,2014-12-12
"Originelle Kinospots, der Einsatz einer Task-Force, die bei Kunden vor Ort im Schlafzimmer für Optimierung sorgt oder der Einsatz des weltweit ersten Matratzen-Automaten sind Beispiele, wie das Unternehmen, das trotz solider Basis mit der Attitüde eines Start-ups agiert, tickt.",http://www.matratzen-direct.de/ueber-uns,2014-12-26
"Elektronische Brettspiele spiegeln den Zeitgeist, lenken vom Computer ab und führen im echten Leben echte Freunde zusammen.",http://www.ravensburger.de/kinder/schulkind-6-12-jahre/index.html,2014-12-03
"Mit der stark regionalen Verankerung bei gleichzeitig zentraler Bündelung wichtiger Kompetenzen haben wir ein zukunftsweisendes Modell geschaffen, das unseren Kunden alle Vorteile eines großen Unternehmensverbundes mit persönlicher, regionaler Betreuung vor Ort eröffnet.",https://www.eon.de/pk/de/unternehmen/portraet.html,2014-12-10
"Sie ist überall vorhanden und so selbstverständlich, dass man schnell vergisst, wie kostbar sie ist. ",https://www.vattenfall.de/de/infowelt-energie.htm,2014-12-10
"Frische Luft tut gut, nicht nur beim Spaziergang.",https://www.vattenfall.de/de/infowelt-energie-lueften.htm,2014-12-01
Die Urbanisierung in den Städten nimmt zu.,http://corporate.vattenfall.de/nachhaltigkeit/energie-der-zukunft/nachhaltige-energielosungen/sustainable-cities/,2014-12-13
Die Energie- und Mobilitätszukunft befindet sich im Wandel.,http://corporate.vattenfall.de/nachhaltigkeit/energie-der-zukunft/nachhaltige-energielosungen/wasserstofftechnologie/,2014-12-31
"Erfahrungen, Wissen und das gewisse Gespür für Marktentwicklungen sind heutzutage wichtiger denn je für Ihren geschäftlichen Erfolg.",http://envitra.de/ueber-uns,2014-12-17
Im Rahmen der Wachstumsstrategie nimmt die Gruppe Marktchancen im Kerngeschäft über eine aktive Marktbearbeitung durch die Vertriebsorganisation wahr.,https://www.enviam.de/Unternehmen/enviaM-Gruppe/Strategie,2014-12-30
"Entspannung, auch das zeigt die Studie, finden viele nur in einem ordentlichen, sauberen Zuhause.",http://kobold.vorwerk.de/de/erlebniswelt/gesundheit/studie-zum-gluecklichsein-ohne-stress-zur-inneren-balance/,2014-12-16
"Auch die Sprösslinge sind Gewohnheitstiere und nehmen neue oder zusätzliche Aufgaben nur sehr widerstrebend an, daher sollten Kinder schon von klein auf an regelmäßige Aufgaben gewöhnt werden. ",http://kobold.vorwerk.de/de/erlebniswelt/familie/kinder-helfen-im-haushalt-spielerische-tipps-und-tricks/,2014-12-09
"Denn es muss nicht gleich ein Gang ins Fitnessstudio sein, Abnehmen funktioniert auch prima bei der Hausarbeit.",http://kobold.vorwerk.de/de/erlebniswelt/gesundheit/fitnesstraining-im-haushalt-tipps-zum-heimischen-workout/,2014-12-22
"Lieber verzichtet das Unternehmen auf den Abschluss eines Geschäfts, als gegen ein Gesetz, eine behördliche Regelung oder einen ethischen Grundsatz zu verstoßen.",http://www.heckler-koch.com/de/corporate-compliance.html,2014-12-02
"Auf der cleanen Silhouette kommt der opulente Mix aus floralen Motiven und dem charakteristischen Paisleyprint eindrucksvoll zur Geltung, die intensive Farbklaviatur in Pink, Flieder und Sonnengelb verkörpert pure Weiblichkeit.",http://www.mytheresa.com/de-de/crepe-coat.html,2014-12-20
Die großen Fronttaschen aus Veloursleder verleihen ihm coolen Edge.,http://www.mytheresa.com/de-de/wool-coat-with-suede-pockets.html,2014-12-07
Tragen wir schön sophisticated mit Accessoires aus der gleichen Farbfamilie,http://www.mytheresa.com/de-de/wool-coat-340269.html,2014-12-18
B wie „bequem“  statt B wie „Blasen“ .,http://www.hansaplast.de/magazin/schoenheit-und-pflege,2014-12-25
Diese kostenlose Hotline nehmen Sie natürlich auf unbegrenzte Zeit gerne in Anspruch.,http://www.vetera.net/produkte/einsatzgebiete-produktbeschreibung#,2014-12-14
Das ultraflache Gehäuse fügt sich mit seiner flachen Bauweise in fast jede örtliche Gegebenheit ein.,http://www.auerswald.de/de/produkte/zubehoer/tuersprechen/tfs-dialog-100/produktbeschreibung.html,2014-12-24
Zudem lässt es sich sowohl per Tasten als auch über das große Touch-Display bedienen und treibt das Komfort-Niveau damit in ungeahnte Höhen.,http://www.auerswald.de/de/produkte/telefone/schnurgebunden/comfortel-3200/produktbeschreibung.html,2014-12-29
"Wenn es besonders spannend wird, können auch einmal rohe Kräfte sinnlos walten.",http://www.pattex.de/do-it-yourself-mit-pattex-klebstoffe-produkte-new/starke-ideen/diy-gegenst%C3%A4nde-einrichtung-reparieren/gamepad-und-joystick-reparieren.html,2014-12-09
"Produkte so zu entwickeln, dass sie maximalen Nutzen für Kunden und Gesellschaft bedeuten, ist eine mindestens ebenso schwere Aufgabe, die man am besten mit vereinten Kräften bewältigt.",http://corporate.evonik.de/de/produkte/pages/search.aspx,2014-12-17
Genau genommen beginnt unser Kampf um ein langes Leben schon in der frühen Kindheit.,http://corporate.evonik.de/de/produkte/produkte-erleben/pages/default.aspx,2014-12-30
"Vertrauen, Seelenfrieden, Bestätigung - Dies sind die Vorteile, wenn Sie einen Lely Taurus geprüften Astronaut kaufen.",http://www.lely.com/de/melken/geprufte-roboter/taurus/das-funktionsprinzip_7#tab,2014-12-17
Regelmäßige und luftige Schwade sorgen für eine gute Füllung des Schnittrotors oder des Häckselkäfigs und damit für eine gute Schnittwirkung oder Häckselqualität.,http://www.lely.com/de/futterernte/schwaden/hibiscus-cd_3,2014-12-13
Die Werkzeuge für die Modellierung und Simulation von Zustandsautomaten erlauben die Spezifikation von strukturiertem Verhalten.,http://www.itemis.de/itemis-ag/produkte/yakindu-hmi/language=de/42126/produktbeschreibung,2014-12-16
In einigen Fällen ist auch eine Deklaration als „Käse“ möglich.,http://www.jeneil-bioproducts.de/de/produkte/natuerliche-kaesearomen/vorteile/,2014-12-09
"Hierbei ist das Schamane Meister Plus System angebracht, das eine Mittlerrolle zwischen der diesseitigen und der jenseitigen Welt einnimmt und seine  besonderen Fähigkeiten zum Wohl seiner Nutzer einsetzt.",http://www.suldiaa-venus-mandala-shop.de/produktbeschreibung/schamane-meister-plus/,2014-12-15
"Authentisch, fröhlich … und fruchtig, überaus fruchtig und von höchster Qualität.",http://www.eckes-granini.de/de/markenwelt/yo-sirup.html,2014-12-22
So fühlt sich jeder Tag wie Urlaub an!,http://www.granini.de/Produkte/Lemon-Fresh,2014-12-01
"Genussvoll, kultiviert und immer mit dem Hauch der Verführung.",http://www.eckes-edelkirsch.de/#geschichte,2014-12-15
Immer mehr rücken so genannte Omega 3 Fettsäuren (ALA) in den Fokus.,http://www.hipp.de/beikost/ratgeber/essen-trinken/warum-ist-omega-3-aus-rapsoel-wichtig/,2014-12-30
Die genaue Zusammensetzung ist nur zwei Menschen bekannt und wird in einem Safe aufbewahrt.,http://www.kfc.de/sogood,2014-12-31
"Wir gestalten damit besonders die vier Megatrends Sicherheit, Umwelt, Information und erschwingliche Fahrzeuge.",http://www.continental-corporation.com/www/portal_com_de/themen/continental/basics/mission_de.html,2014-12-24
Wir schenken und verdienen Vertrauen.,http://www.continental-corporation.com/www/portal_com_de/themen/continental/basics/30_werte/,2014-12-19
Die Presta Oil Separation System (POSS®) genannte Technologie übertrifft trotz des geringen Bauraumbedarfs die Abscheideleistung der meisten heutigen passiven Systeme.,https://incarplus.thyssenkrupp.com/Main-Menu/Navigator/Konventioneller-Antrieb/Integriertes-Oelabscheidsystem/,2014-12-03
"Die gebaute Blechzahnstange ist im Vergleich zu gefrästen Zahnstangen wegen ihres hohlen Querschnitts etwa 25 Prozent oder 0,5 kg leichter als die Referenzlösung und ermöglicht sowohl konstante als auch variable Verzahnungen.",https://incarplus.thyssenkrupp.com/Main-Menu/Navigator/Lenkung/Gebaute-Blechzahnstange/,2014-12-10
"Das Versagen geht in der Regel von Einzelfehlern aus, die (häufig) an oder in der Nähe der Oberfläche liegen, da hier meist die höchsten Spannungen auftreten.",http://www.keramverband.de/brevier_dt/5/3/4/5_3_4_4.htm,2014-12-13
"Diese Mehlwürmer wurden schonend gekocht, um sicher zu stellen, dass Nährwerte, Geschmack und Aroma erhalten bleiben.",https://www.fressnapf.de/p/exo-terra-mehlwuermer-34g,2014-12-06
Sie sehen eine goldgelb gereifte Banane oder ein schön poliertes Glas.,http://www.gasandmore.de/gas-co/anwendungen/,2014-12-02
"Kunst will berührt werden, um begriffen zu sein – und geachtet.",http://www.volkswagen.de/de/models/phaeton/highlights.html#/flash=b01f4d45e7fbc14cd1be5f1b3dd37aea@,2014-12-23
Wir führen am Boden die Entscheidung herbei.,www.deutschesheer.de/portal/a/heer/,2014-12-29
Entscheiden Sie sich für Unabhängigkeit. ,https://www.mozilla.org/de/firefox/new/,2014-12-29
Zugleich werden ihre Strukturen demografiefest und ihre Fähigkeiten dauerhaft finanzierbar.,www.bmvg.de/portal/a/bmvg/,2014-12-18
Schon probiert?,https://www.whiskas.de/produkte-snacks-knuspertaschen.aspx,2014-12-14
"Die speziell entwickelte Rezeptur mit natürlichen Nahrungsfasern sorgt ähnlich wie Malzpasten dafür, dass die Haare das Verdauungssystem problemlos passieren, bevor sie sich zu einem Haarbällchen formen können.",https://www.whiskas.de/produkte-snacks-anti-hairball.aspx,2014-12-11
"Du wirst keine Ruhe haben, bis du es deinem kleinen Racker serviert hast.",http://www.katzenwiefelix.de/produkte/adult/Pages/dose-happchen-in-gelee.aspx,2014-12-17
"In diesem Abschnitt können Sie eine alphabetische Liste mit Rassen von A-Z durchsuchen oder unseren Rassenfinder benutzen, um die Rasse herauszufiltern, die perfekt zu Ihren Vorstellungen passt.",https://www.pedigree.de/dogfinder/,2014-12-06
Mit zunehmendem Alter sollte man auf eine besonders schonende Ernährung achten. ,http://www.happydog.de/hundefutter-produkte/senior/trockenfutter/,2014-12-12
"Aspekte, die nur der Bequemlichkeit des Menschen dienen, rechtfertigen den Eingriff nicht. ",http://www.royal-canin.de/gesundheit-ernaehrung/hund/kastration-bei-hunden/schlusswort/,2014-12-26
Die vielen Geschmacksrichtungen lassen keine Langeweile aufkommen und aus gutem Grund haben alle 9 Sorten der Lecker-Snack und Lecker Herzen 5 Sterne.,http://www.tierarzt24.de/happy-horse-lecker-snacks-apfel-zimt,2014-12-19
Hierbei müssen noch typische Probleme der Magerverbrennung wie thermoakustische Schwingungsneigung oder reduzierte Verbrennungseffizienz im Teillastbereich überwunden werden.,http://www.rolls-royce.com/deutschland/de/about/innovationen/index.jsp,2014-12-31
"Bei Kerzenschein entsteht unverzüglich eine magische, festliche Atmosphäre. ",http://www.swarovski.com/Web_DE/de/5030477/product/Silberstern_Teelicht.html,2014-12-27
"Zu der herausragenden, vielseitig tragbaren Kreation gehören zwei kristallverzierte Lünetten und eine in Edelstahl. ",http://www.swarovski.com/Web_DE/de/5095571/product/Swarovski_By_Shorouk_Uhr.html,2014-12-21
Für den einzigartigen Knoten dieses edlen Rings stand eine Schlaufe Pate.,http://www.swarovski.com/Web_DE/de/5139690/product/Cupidon_Ring_.html?origin=Giftcenter&WT.referer=Giftcenter+%2F+Gifts+for+her+GLP,2014-12-03
"Dabei erfährt der Leser manch Spannendes, manch Beeindruckendes und manch Rührendes.",http://www.haraldgloeoecklerstore.com/spezial/harald-gloockler-autobiografie.html,2014-12-20
"Ob New York, London oder Tokyo, die Partner stehen Schlange.",http://www.h-gloeoecklerinternational.de/,2014-12-20
"Alle Deutschen Spitze, ganz egal, wie groß sie sind oder welche Farben sie haben, bilden eine Familie und sollen ähnliche Charaktereigenschaften und ein spitztypisches Aussehen besitzen.",http://www.deutsche-spitze.de/spitz.html,2014-12-15
"Über den Inhalt wird nicht diskutiert, jeder entscheidet nach seinen Kriterien.",http://www.chihuahua-portal.de/,2014-12-11
Je nach Betrachtungswinkel lässt ein irisierender Glimmer die Farben changieren.,http://www.villeroy-boch.de/produkte/fliesen/kollektionen.html?vb_product2[sid]=975&vb_product2[action]=detail&vb_product2[backpid]=2715,2014-12-02
"Grenzenlose Eleganz paart sich dabei mit einem beeindruckenden, filigran-detailverliebten Relief. ",http://www.villeroy-boch.de/produkte/tischkultur/kollektionen/cellini.html,2014-12-31
"Denn der Reiz ihrer Schönheit, liegt in der Ästhetik des Zufälligen, scheinbar Unperfekten.",http://www.nymphenburg.com/de/produkte/accessoires/federn,2014-12-10
"Sie erzielt Ausgewogenheit in Umweltschutz und wirtschaftlichen Zielen der Landwirte, steht im Dienste des Verbrauchers und entspricht seinen Erwartungen.",http://www.bonduelle.de/Qualitaet/anbau.html,2014-12-21
Fällt trotzdem auf und zieht die Augenblicke auf sich zu. ,http://de.dawanda.com/product/67807803-Filzcacheur-Nierenwaermer-Mittendrin,2014-12-19
"Von der Seite erinnert seine aerodynamische Silhouette an einen Hochgeschwindigkeitszug, Windgeräusche werden dabei auf ein Minimum reduziert.",http://www.opel.de/fahrzeuge/modelle/personenwagen/zafira-tourer/highlights/design.html,2014-12-16
Und die innovative Optik ist nur der Anfang.,http://www.ford.de/Pkw-Modelle/FordFocus,2014-12-10
"Filigrane Extravaganz mit einem Hauch von Träumerei - Ein Facelifting, das jeder Wand eine ganz besondere Note verleiht.
",http://www.hornbach.de/shop/Fototapete-Lace-Vlies-184-x-248-cm/5531384/artikel.html?sourceCat=S995&WT.svl=artikel_img,2014-12-21
Mit ihren zahlreichen neuen Features definiert sie das Premiumsegment der oberen Mittelklasse neu.,http://www.fendt.com/de/13944.asp,2014-12-11
"Dem Fahrer wird ein in dieser Klasse unerreichtes Maß an Komfort mit einfachen, überschaubaren Ausstattungsvarianten geboten.",http://www.masseyferguson.de/mfactivas.aspx,2014-12-29
"So wird die Presse permanent im Leistungsoptimum gefahren, wodurch unter allen Bedingungen beste Ergebnisse erzielt werden.",http://www.claas.de/produkte/quaderballenpressen/quadrant3400,2014-12-24
Die Funktion des Laders wird durch das System dem jeweiligen Anwendungszweck in vorab festgelegten Grenzen angepasst.,http://www.deere.de/de_DE/industry/forestry/learn_more/features/ibc_de.page?,2014-12-12
Verpackt ist alles im stabilen Cool-Touch-Gehäuse ohne Ecken und Kanten.,http://www.unold.de/unold/brotbackautomat/68110/,2014-12-27
"Übrigens: „D“ steht für Design, denn der M 100 D ist auch was fürs Auge.",http://www.unold.de/esge/esge-modelle/90129/,2014-12-06
"Das Bewegen der Wirbelkörper während der Streckung ermöglicht es, dass körpereigene Flüssigkeit zurück in die Bandscheiben fließen kann und diese somit ihre stoßdämpfende Wirkung zurückerhalten.",http://www.alpha-techno.com/massagearten/rollen-streckmassage.html,2014-12-19
Kein Tier ist an sich nützlich oder schädlich.,http://www.schaedlings-bekaempfung.de/40_schaedlinge.html,2014-12-15
Hygiene kennt keine Pausen.,http://www.kammerjaeger-ck.de/,2014-12-05
"Mit seiner erfolgreichen Arbeit zu Schlaffältchen konnte er nachweisen, dass der Muskelbereich des Gesichts - des sogenannten „superfiziellen muskuloaponeurotischen Systems“ (SMAS) - durch Kissenkontakt verletzt wird.",http://www.silkkiss.co.uk/de/Scientific_Research.html,2014-12-02
"Und das ist vielleicht auch der Grund für unsere Faszination am Knopf drücken: In einer Welt, die immer komplizierter zu werden scheint, erfreuen wir uns an der Einfachheit.",http://www.hansgrohe.de/22069.htm#r=home_webspecial_B2C,2014-12-31
"Die Rundungen des Beckens unterstreichen die Schwünge der Glasschale, die symmetrischen Verschneidungen im kubischen Grundkörper lassen das Ensemble beinahe schwerelos wirken.",http://www.hansa.de/de/produkte/uebersicht/badarmaturen/hansaedition/hansamurano.html,2014-12-14
"Weiche Bogen, fließende Übergänge und sanft gerundete Formen verkörpern sinnlichen Charme voller Anmut und Grazie.",http://www.villeroy-boch.de/produkte/bad-und-wellness/produkte/badarmaturen/armaturen/bidetarmaturen.html?vb_product2[colkey]=10896662&vb_product2[subcollectionkey]=10896646&vb_product2[subproductgroupkey]=33%20600%20955&vb_product2[action]=detail&vb_product2[backpid]=6555,2014-12-10
"Design in seiner höchsten Vollendung bereichert unser Leben durch die Schönheit der Dinge, die uns umgeben.",http://www.kohlerco.de/onlinecatalog/product_category.jsp?item=121&prod_num=Bathroom+Suites,2014-12-06
Herausragende digitale Projekte beginnen mit einem innovativen Business Case.,http://www.aquarius.biz/de/about-us.html,2014-12-13